County,Cases,Reported_Deaths,Date
Allegan,18,,2020-04-09
Antrim,6,,2020-04-09
Arenac,4,,2020-04-09
Barry,7,,2020-04-09
Bay,42,,2020-04-09
Berrien,80,2,2020-04-09
Branch,24,1,2020-04-09
Calhoun,57,1,2020-04-09
Cass,10,1,2020-04-09
Charlevoix,9,,2020-04-09
Cheboygan,10,1,2020-04-09
Chippewa,1,,2020-04-09
Clare,2,,2020-04-09
Clinton,85,1,2020-04-09
Crawford,5,1,2020-04-09
Delta,9,1,2020-04-09
Detroit City,6061,275,2020-04-09
Dickinson,3,1,2020-04-09
Eaton,69,3,2020-04-09
Emmet,16,2,2020-04-09
Genesee,755,48,2020-04-09
Gladwin,4,,2020-04-09
Gogebic,3,1,2020-04-09
Grand Traverse,15,3,2020-04-09
Gratiot,6,,2020-04-09
Hillsdale,64,6,2020-04-09
Houghton,1,,2020-04-09
Huron,5,,2020-04-09
Ingham,222,3,2020-04-09
Ionia,13,1,2020-04-09
Iosco,4,1,2020-04-09
Isabella,28,2,2020-04-09
Jackson,131,4,2020-04-09
Kalamazoo,74,6,2020-04-09
Kalkaska,10,2,2020-04-09
Kent,233,9,2020-04-09
Lapeer,77,5,2020-04-09
Leelanau,4,,2020-04-09
Lenawee,39,,2020-04-09
Livingston,181,2,2020-04-09
Luce,1,,2020-04-09
Mackinac,4,,2020-04-09
Macomb,2783,165,2020-04-09
Manistee,9,,2020-04-09
Marquette,18,2,2020-04-09
Mason,1,,2020-04-09
Mecosta,9,1,2020-04-09
Midland,28,1,2020-04-09
Missaukee,1,1,2020-04-09
Monroe,165,1,2020-04-09
Montcalm,19,1,2020-04-09
Muskegon,53,4,2020-04-09
Newaygo,3,,2020-04-09
Oakland,4247,246,2020-04-09
Oceana,3,1,2020-04-09
Ogemaw,3,,2020-04-09
Osceola,3,,2020-04-09
Oscoda,3,,2020-04-09
Otsego,29,2,2020-04-09
Ottawa,59,1,2020-04-09
Presque Isle,1,,2020-04-09
Roscommon,8,,2020-04-09
Saginaw,205,7,2020-04-09
Sanilac,21,2,2020-04-09
Schoolcraft,1,,2020-04-09
Shiawassee,31,,2020-04-09
St Clair,162,4,2020-04-09
St Joseph,18,,2020-04-09
Tuscola,36,3,2020-04-09
Van Buren,18,1,2020-04-09
Washtenaw,637,15,2020-04-09
Wayne,4032,229,2020-04-09
Wexford,7,,2020-04-09
Other*,290,4,2020-04-09
Unknown,78,1,2020-04-09
Out of State,131,1,2020-04-09
Allegan,18,,2020-04-08
Antrim,6,,2020-04-08
Arenac,4,,2020-04-08
Barry,7,,2020-04-08
Bay,39,,2020-04-08
Berrien,72,2,2020-04-08
Branch,18,1,2020-04-08
Calhoun,51,1,2020-04-08
Cass,9,1,2020-04-08
Charlevoix,8,,2020-04-08
Cheboygan,10,1,2020-04-08
Chippewa,1,,2020-04-08
Clare,2,,2020-04-08
Clinton,82,1,2020-04-08
Crawford,5,1,2020-04-08
Delta,8,,2020-04-08
Detroit City,5824,251,2020-04-08
Dickinson,2,1,2020-04-08
Eaton,67,3,2020-04-08
Emmet,15,2,2020-04-08
Genesee,713,39,2020-04-08
Gladwin,4,,2020-04-08
Gogebic,3,1,2020-04-08
Grand Traverse,15,3,2020-04-08
Gratiot,5,,2020-04-08
Hillsdale,62,4,2020-04-08
Houghton,1,,2020-04-08
Huron,4,,2020-04-08
Ingham,205,2,2020-04-08
Ionia,11,1,2020-04-08
Iosco,4,1,2020-04-08
Isabella,22,2,2020-04-08
Jackson,126,4,2020-04-08
Kalamazoo,67,6,2020-04-08
Kalkaska,10,2,2020-04-08
Kent,207,8,2020-04-08
Lapeer,64,5,2020-04-08
Leelanau,4,,2020-04-08
Lenawee,36,,2020-04-08
Livingston,174,2,2020-04-08
Luce,1,,2020-04-08
Mackinac,3,,2020-04-08
Macomb,2626,141,2020-04-08
Manistee,9,,2020-04-08
Marquette,18,2,2020-04-08
Mason,1,,2020-04-08
Mecosta,8,1,2020-04-08
Midland,24,1,2020-04-08
Missaukee,1,1,2020-04-08
Monroe,152,,2020-04-08
Montcalm,18,1,2020-04-08
Muskegon,42,4,2020-04-08
Newaygo,3,,2020-04-08
Oakland,4007,234,2020-04-08
Oceana,3,1,2020-04-08
Ogemaw,3,,2020-04-08
Osceola,3,,2020-04-08
Oscoda,2,,2020-04-08
Otsego,29,2,2020-04-08
Ottawa,55,,2020-04-08
Presque Isle,1,,2020-04-08
Roscommon,6,,2020-04-08
Saginaw,186,6,2020-04-08
Sanilac,22,2,2020-04-08
Schoolcraft,1,,2020-04-08
Shiawassee,27,,2020-04-08
St Clair,140,3,2020-04-08
St Joseph,16,,2020-04-08
Tuscola,27,2,2020-04-08
Van Buren,18,1,2020-04-08
Washtenaw,610,13,2020-04-08
Wayne,3802,195,2020-04-08
Wexford,7,,2020-04-08
Other*,287,2,2020-04-08
Unknown,77,1,2020-04-08
Out of State,126,1,2020-04-08
Allegan,15,,2020-04-06
Antrim,5,,2020-04-06
Arenac,3,,2020-04-06
Barry,7,,2020-04-06
Bay,30,,2020-04-06
Berrien,60,1,2020-04-06
Branch,15,1,2020-04-06
Calhoun,41,1,2020-04-06
Cass,7,1,2020-04-06
Charlevoix,8,,2020-04-06
Cheboygan,8,1,2020-04-06
Chippewa,1,,2020-04-06
Clare,3,,2020-04-06
Clinton,56,1,2020-04-06
Crawford,2,,2020-04-06
Delta,7,,2020-04-06
Detroit City,5023,193,2020-04-06
Dickinson,2,1,2020-04-06
Eaton,57,2,2020-04-06
Emmet,13,2,2020-04-06
Genesee,568,26,2020-04-06
Gladwin,4,,2020-04-06
Gogebic,3,1,2020-04-06
Grand Traverse,14,3,2020-04-06
Gratiot,5,,2020-04-06
Hillsdale,46,3,2020-04-06
Houghton,1,,2020-04-06
Huron,4,,2020-04-06
Ingham,178,1,2020-04-06
Ionia,8,,2020-04-06
Iosco,3,1,2020-04-06
Isabella,16,2,2020-04-06
Jackson,103,4,2020-04-06
Kalamazoo,58,3,2020-04-06
Kalkaska,8,2,2020-04-06
Kent,177,5,2020-04-06
Lapeer,49,,2020-04-06
Leelanau,2,,2020-04-06
Lenawee,32,,2020-04-06
Livingston,143,2,2020-04-06
Luce,1,,2020-04-06
Mackinac,2,,2020-04-06
Macomb,2159,100,2020-04-06
Manistee,6,,2020-04-06
Marquette,15,2,2020-04-06
Mecosta,6,1,2020-04-06
Midland,22,,2020-04-06
Missaukee,1,1,2020-04-06
Monroe,117,,2020-04-06
Montcalm,15,,2020-04-06
Muskegon,33,4,2020-04-06
Newaygo,2,,2020-04-06
Oakland,3380,185,2020-04-06
Oceana,3,,2020-04-06
Ogemaw,3,,2020-04-06
Ontonagon,1,,2020-04-06
Osceola,3,,2020-04-06
Oscoda,2,,2020-04-06
Otsego,26,2,2020-04-06
Ottawa,44,,2020-04-06
Presque Isle,1,,2020-04-06
Roscommon,5,,2020-04-06
Saginaw,139,2,2020-04-06
Sanilac,14,2,2020-04-06
Shiawassee,24,,2020-04-06
St Clair,110,3,2020-04-06
St Joseph,11,,2020-04-06
Tuscola,22,2,2020-04-06
Van Buren,16,1,2020-04-06
Washtenaw,539,10,2020-04-06
Wayne,3247,153,2020-04-06
Wexford,5,,2020-04-06
Other*,241,1,2020-04-06
Unknown,130,,2020-04-06
Out of State,91,1,2020-04-06
Allegan,14,,2020-04-05
Antrim,4,,2020-04-05
Arenac,3,,2020-04-05
Barry,6,,2020-04-05
Bay,30,,2020-04-05
Benzie,1,,2020-04-05
Berrien,58,1,2020-04-05
Branch,13,1,2020-04-05
Calhoun,42,1,2020-04-05
Cass,7,1,2020-04-05
Charlevoix,7,,2020-04-05
Cheboygan,8,1,2020-04-05
Chippewa,2,,2020-04-05
Clare,1,,2020-04-05
Clinton,55,1,2020-04-05
Crawford,1,,2020-04-05
Delta,7,,2020-04-05
Detroit City,4495,158,2020-04-05
Dickinson,1,1,2020-04-05
Eaton,55,2,2020-04-05
Emmet,13,2,2020-04-05
Genesee,504,18,2020-04-05
Gladwin,4,,2020-04-05
Gogebic,3,1,2020-04-05
Grand Traverse,12,3,2020-04-05
Gratiot,4,,2020-04-05
Hillsdale,44,3,2020-04-05
Houghton,1,,2020-04-05
Huron,4,,2020-04-05
Ingham,172,2,2020-04-05
Ionia,8,,2020-04-05
Iosco,3,1,2020-04-05
Isabella,12,2,2020-04-05
Jackson,90,3,2020-04-05
Kalamazoo,53,3,2020-04-05
Kalkaska,8,2,2020-04-05
Kent,165,3,2020-04-05
Lapeer,45,,2020-04-05
Leelanau,1,,2020-04-05
Lenawee,31,,2020-04-05
Livingston,135,2,2020-04-05
Luce,1,,2020-04-05
Mackinac,2,,2020-04-05
Macomb,2003,83,2020-04-05
Manistee,4,,2020-04-05
Marquette,14,1,2020-04-05
Mecosta,6,1,2020-04-05
Midland,18,,2020-04-05
Missaukee,1,1,2020-04-05
Monroe,108,,2020-04-05
Montcalm,14,,2020-04-05
Muskegon,31,4,2020-04-05
Newaygo,2,,2020-04-05
Oakland,3035,163,2020-04-05
Oceana,3,,2020-04-05
Ogemaw,3,,2020-04-05
Ontonagon,1,,2020-04-05
Osceola,3,,2020-04-05
Oscoda,2,,2020-04-05
Otsego,24,1,2020-04-05
Ottawa,44,,2020-04-05
Roscommon,5,,2020-04-05
Saginaw,118,,2020-04-05
Sanilac,13,1,2020-04-05
Shiawassee,23,,2020-04-05
St Clair,94,2,2020-04-05
St Joseph,10,,2020-04-05
Tuscola,22,2,2020-04-05
Van Buren,14,1,2020-04-05
Washtenaw,518,8,2020-04-05
Wayne,3023,135,2020-04-05
Wexford,5,,2020-04-05
Other*,238,1,2020-04-05
Unknown,111,,2020-04-05
Out of State,83,1,2020-04-05
Allegan,10,,2020-04-04
Antrim,4,,2020-04-04
Arenac,3,,2020-04-04
Barry,5,,2020-04-04
Bay,24,,2020-04-04
Berrien,56,1,2020-04-04
Branch,10,,2020-04-04
Calhoun,34,1,2020-04-04
Cass,6,1,2020-04-04
Charlevoix,7,,2020-04-04
Cheboygan,7,1,2020-04-04
Chippewa,1,,2020-04-04
Clare,1,,2020-04-04
Clinton,54,1,2020-04-04
Crawford,1,,2020-04-04
Delta,5,,2020-04-04
Detroit City,3958,131,2020-04-04
Dickinson,1,1,2020-04-04
Eaton,53,2,2020-04-04
Emmet,7,2,2020-04-04
Genesee,464,15,2020-04-04
Gladwin,3,,2020-04-04
Gogebic,3,1,2020-04-04
Grand Traverse,12,3,2020-04-04
Gratiot,4,,2020-04-04
Hillsdale,37,2,2020-04-04
Houghton,2,,2020-04-04
Huron,4,,2020-04-04
Ingham,168,1,2020-04-04
Ionia,6,,2020-04-04
Iosco,2,1,2020-04-04
Isabella,10,2,2020-04-04
Jackson,81,3,2020-04-04
Kalamazoo,45,3,2020-04-04
Kalkaska,8,1,2020-04-04
Kent,153,2,2020-04-04
Lapeer,27,,2020-04-04
Leelanau,1,,2020-04-04
Lenawee,27,,2020-04-04
Livingston,129,2,2020-04-04
Luce,1,,2020-04-04
Mackinac,2,,2020-04-04
Macomb,1838,78,2020-04-04
Manistee,4,,2020-04-04
Marquette,11,1,2020-04-04
Mecosta,4,1,2020-04-04
Midland,17,,2020-04-04
Missaukee,1,1,2020-04-04
Monroe,101,,2020-04-04
Montcalm,13,,2020-04-04
Muskegon,31,2,2020-04-04
Newaygo,2,,2020-04-04
Oakland,2785,142,2020-04-04
Oceana,3,,2020-04-04
Ogemaw,2,,2020-04-04
Osceola,4,,2020-04-04
Oscoda,2,,2020-04-04
Otsego,22,1,2020-04-04
Ottawa,39,,2020-04-04
Roscommon,2,,2020-04-04
Saginaw,103,,2020-04-04
Sanilac,13,1,2020-04-04
Shiawassee,22,,2020-04-04
St Clair,85,2,2020-04-04
St Joseph,9,,2020-04-04
Tuscola,20,2,2020-04-04
Van Buren,12,1,2020-04-04
Washtenaw,501,8,2020-04-04
Wayne,2804,121,2020-04-04
Wexford,4,,2020-04-04
Other*,188,1,2020-04-04
Unknown,64,,2020-04-04
Out of State,83,1,2020-04-04
Allegan,6,,2020-04-03
Antrim,4,,2020-04-03
Arenac,2,,2020-04-03
Barry,5,,2020-04-03
Bay,18,,2020-04-03
Berrien,52,1,2020-04-03
Branch,6,,2020-04-03
Calhoun,31,1,2020-04-03
Cass,6,1,2020-04-03
Charlevoix,5,,2020-04-03
Cheboygan,6,,2020-04-03
Chippewa,1,,2020-04-03
Clare,2,,2020-04-03
Clinton,49,1,2020-04-03
Crawford,1,,2020-04-03
Delta,5,,2020-04-03
Detroit City,3550,117,2020-04-03
Dickinson,1,1,2020-04-03
Eaton,47,2,2020-04-03
Emmet,6,2,2020-04-03
Genesee,422,11,2020-04-03
Gladwin,2,,2020-04-03
Gogebic,3,1,2020-04-03
Grand Traverse,11,2,2020-04-03
Gratiot,5,,2020-04-03
Hillsdale,26,2,2020-04-03
Houghton,1,,2020-04-03
Huron,4,,2020-04-03
Ingham,152,1,2020-04-03
Ionia,6,,2020-04-03
Iosco,1,,2020-04-03
Isabella,9,2,2020-04-03
Jackson,69,3,2020-04-03
Kalamazoo,40,1,2020-04-03
Kalkaska,8,1,2020-04-03
Kent,136,2,2020-04-03
Lapeer,22,,2020-04-03
Leelanau,1,,2020-04-03
Lenawee,24,,2020-04-03
Livingston,121,2,2020-04-03
Luce,1,,2020-04-03
Mackinac,2,,2020-04-03
Macomb,1560,65,2020-04-03
Manistee,1,,2020-04-03
Marquette,7,,2020-04-03
Mecosta,4,1,2020-04-03
Midland,16,,2020-04-03
Missaukee,1,1,2020-04-03
Monroe,95,,2020-04-03
Montcalm,12,,2020-04-03
Muskegon,30,2,2020-04-03
Newaygo,2,,2020-04-03
Oakland,2540,136,2020-04-03
Oceana,3,,2020-04-03
Ogemaw,2,,2020-04-03
Osceola,3,,2020-04-03
Oscoda,2,,2020-04-03
Otsego,20,,2020-04-03
Ottawa,37,,2020-04-03
Presque Isle,1,,2020-04-03
Roscommon,2,,2020-04-03
Saginaw,90,,2020-04-03
Sanilac,10,1,2020-04-03
Shiawassee,18,,2020-04-03
St Clair,66,,2020-04-03
St Joseph,10,,2020-04-03
Tuscola,15,2,2020-04-03
Van Buren,12,1,2020-04-03
Washtenaw,477,8,2020-04-03
Wayne,2546,106,2020-04-03
Wexford,4,,2020-04-03
Other*,187,1,2020-04-03
Unknown,28,,2020-04-03
Out of State,74,1,2020-04-03
Allegan,6,,2020-04-02
Antrim,4,,2020-04-02
Arenac,2,,2020-04-02
Barry,5,,2020-04-02
Bay,18,,2020-04-02
Berrien,52,1,2020-04-02
Branch,6,,2020-04-02
Calhoun,31,1,2020-04-02
Cass,6,1,2020-04-02
Charlevoix,5,,2020-04-02
Cheboygan,6,,2020-04-02
Chippewa,1,,2020-04-02
Clare,2,,2020-04-02
Clinton,49,1,2020-04-02
Crawford,1,,2020-04-02
Delta,5,,2020-04-02
Detroit City,3550,117,2020-04-02
Dickinson,1,1,2020-04-02
Eaton,47,2,2020-04-02
Emmet,6,2,2020-04-02
Genesee,422,11,2020-04-02
Gladwin,2,,2020-04-02
Gogebic,3,1,2020-04-02
Grand Traverse,11,2,2020-04-02
Gratiot,5,,2020-04-02
Hillsdale,26,2,2020-04-02
Houghton,1,,2020-04-02
Huron,4,,2020-04-02
Ingham,152,1,2020-04-02
Ionia,6,,2020-04-02
Iosco,1,,2020-04-02
Isabella,9,2,2020-04-02
Jackson,69,3,2020-04-02
Kalamazoo,40,1,2020-04-02
Kalkaska,8,1,2020-04-02
Kent,136,2,2020-04-02
Lapeer,22,,2020-04-02
Leelanau,1,,2020-04-02
Lenawee,24,,2020-04-02
Livingston,121,2,2020-04-02
Luce,1,,2020-04-02
Mackinac,2,,2020-04-02
Macomb,1560,65,2020-04-02
Manistee,1,,2020-04-02
Marquette,7,,2020-04-02
Mecosta,4,1,2020-04-02
Midland,16,,2020-04-02
Missaukee,1,1,2020-04-02
Monroe,95,,2020-04-02
Montcalm,12,,2020-04-02
Muskegon,30,2,2020-04-02
Newaygo,2,,2020-04-02
Oakland,2540,136,2020-04-02
Oceana,3,,2020-04-02
Ogemaw,2,,2020-04-02
Osceola,3,,2020-04-02
Oscoda,2,,2020-04-02
Otsego,20,,2020-04-02
Ottawa,37,,2020-04-02
Presque Isle,1,,2020-04-02
Roscommon,2,,2020-04-02
Saginaw,90,,2020-04-02
Sanilac,10,1,2020-04-02
Shiawassee,18,,2020-04-02
St Clair,66,,2020-04-02
St Joseph,10,,2020-04-02
Tuscola,15,2,2020-04-02
Van Buren,12,1,2020-04-02
Washtenaw,477,8,2020-04-02
Wayne,2546,106,2020-04-02
Wexford,4,,2020-04-02
Other*,187,1,2020-04-02
Unknown,28,,2020-04-02
Out of State,74,1,2020-04-02
Allegan,5,,2020-04-01
Antrim,4,,2020-04-01
Arenac,1,,2020-04-01
Barry,4,,2020-04-01
Bay,16,,2020-04-01
Berrien,40,1,2020-04-01
Branch,5,,2020-04-01
Calhoun,25,,2020-04-01
Cass,6,1,2020-04-01
Charlevoix,5,,2020-04-01
Cheboygan,3,,2020-04-01
Chippewa,1,,2020-04-01
Clare,1,,2020-04-01
Clinton,43,1,2020-04-01
Crawford,1,,2020-04-01
Delta,4,,2020-04-01
Detroit City,2858,101,2020-04-01
Dickinson,1,,2020-04-01
Eaton,37,1,2020-04-01
Emmet,6,1,2020-04-01
Genesee,349,10,2020-04-01
Gladwin,2,,2020-04-01
Gogebic,3,1,2020-04-01
Grand Traverse,9,2,2020-04-01
Gratiot,5,,2020-04-01
Hillsdale,24,1,2020-04-01
Houghton,1,,2020-04-01
Huron,4,,2020-04-01
Ingham,128,1,2020-04-01
Ionia,5,,2020-04-01
Iosco,1,,2020-04-01
Isabella,8,1,2020-04-01
Jackson,67,2,2020-04-01
Kalamazoo,34,1,2020-04-01
Kalkaska,7,1,2020-04-01
Kent,125,2,2020-04-01
Lapeer,21,,2020-04-01
Leelanau,1,,2020-04-01
Lenawee,24,,2020-04-01
Livingston,113,2,2020-04-01
Mackinac,1,,2020-04-01
Macomb,1332,58,2020-04-01
Manistee,1,,2020-04-01
Marquette,5,,2020-04-01
Mecosta,3,1,2020-04-01
Midland,15,,2020-04-01
Missaukee,1,1,2020-04-01
Monroe,79,,2020-04-01
Montcalm,10,,2020-04-01
Muskegon,26,2,2020-04-01
Newaygo,2,,2020-04-01
Oakland,2183,119,2020-04-01
Oceana,2,,2020-04-01
Ogemaw,2,,2020-04-01
Osceola,3,,2020-04-01
Oscoda,2,,2020-04-01
Otsego,19,,2020-04-01
Ottawa,35,,2020-04-01
Roscommon,1,,2020-04-01
Saginaw,82,,2020-04-01
Sanilac,8,1,2020-04-01
Shiawassee,17,,2020-04-01
St. Clair,53,,2020-04-01
St. Joseph,8,,2020-04-01
Tuscola,14,2,2020-04-01
Van Buren,12,1,2020-04-01
Washtenaw,438,8,2020-04-01
Wayne,2211,93,2020-04-01
Wexford,3,,2020-04-01
Other*,166,,2020-04-01
Out of State,48,1,2020-04-01
Unknown,12,,2020-04-01
Allegan,19,,2020-04-10
Antrim,6,,2020-04-10
Arenac,4,,2020-04-10
Barry,7,,2020-04-10
Bay,48,,2020-04-10
Berrien,88,2,2020-04-10
Branch,25,2,2020-04-10
Calhoun,65,1,2020-04-10
Cass,12,1,2020-04-10
Charlevoix,10,,2020-04-10
Cheboygan,10,1,2020-04-10
Chippewa,1,1,2020-04-10
Clare,3,1,2020-04-10
Clinton,90,3,2020-04-10
Crawford,5,1,2020-04-10
Delta,9,1,2020-04-10
Detroit City,6218,327,2020-04-10
Dickinson,3,1,2020-04-10
Eaton,69,4,2020-04-10
Emmet,17,2,2020-04-10
Genesee,828,57,2020-04-10
Gladwin,4,,2020-04-10
Gogebic,4,1,2020-04-10
Grand Traverse,16,3,2020-04-10
Gratiot,6,,2020-04-10
Hillsdale,70,6,2020-04-10
Houghton,1,,2020-04-10
Huron,5,,2020-04-10
Ingham,239,3,2020-04-10
Ionia,14,2,2020-04-10
Iosco,4,1,2020-04-10
Isabella,37,2,2020-04-10
Jackson,140,4,2020-04-10
Kalamazoo,77,7,2020-04-10
Kalkaska,10,2,2020-04-10
Kent,250,13,2020-04-10
Lapeer,87,6,2020-04-10
Leelanau,4,,2020-04-10
Lenawee,39,,2020-04-10
Livingston,196,3,2020-04-10
Luce,1,,2020-04-10
Mackinac,4,,2020-04-10
Macomb,2973,197,2020-04-10
Manistee,9,,2020-04-10
Marquette,21,2,2020-04-10
Mason,1,,2020-04-10
Mecosta,11,1,2020-04-10
Menominee,1,,2020-04-10
Midland,28,1,2020-04-10
Missaukee,1,1,2020-04-10
Monroe,174,4,2020-04-10
Montcalm,20,1,2020-04-10
Muskegon,57,4,2020-04-10
Newaygo,4,,2020-04-10
Oakland,4511,282,2020-04-10
Oceana,3,1,2020-04-10
Ogemaw,3,,2020-04-10
Osceola,3,,2020-04-10
Oscoda,3,,2020-04-10
Otsego,29,2,2020-04-10
Ottawa,61,1,2020-04-10
Presque Isle,2,,2020-04-10
Roscommon,8,,2020-04-10
Saginaw,240,9,2020-04-10
Sanilac,23,2,2020-04-10
Schoolcraft,1,,2020-04-10
Shiawassee,34,,2020-04-10
St Clair,179,4,2020-04-10
St Joseph,20,,2020-04-10
Tuscola,41,5,2020-04-10
Van Buren,20,1,2020-04-10
Washtenaw,659,15,2020-04-10
Wayne,4321,282,2020-04-10
Wexford,7,,2020-04-10
MDOC**,335,5,2020-04-10
FCI***,14,,2020-04-10
Unknown,84,2,2020-04-10
Out of State,137,1,2020-04-10
Allegan,19,,2020-04-11
Alpena,1,,2020-04-11
Antrim,7,,2020-04-11
Arenac,4,,2020-04-11
Barry,8,,2020-04-11
Bay,53,,2020-04-11
Berrien,94,3,2020-04-11
Branch,26,2,2020-04-11
Calhoun,71,1,2020-04-11
Cass,12,1,2020-04-11
Charlevoix,11,,2020-04-11
Cheboygan,11,1,2020-04-11
Clare,4,1,2020-04-11
Clinton,90,3,2020-04-11
Crawford,8,1,2020-04-11
Delta,9,1,2020-04-11
Detroit City,6386,348,2020-04-11
Dickinson,3,2,2020-04-11
Eaton,71,4,2020-04-11
Emmet,21,2,2020-04-11
Genesee,919,62,2020-04-11
Gladwin,4,,2020-04-11
Gogebic,4,1,2020-04-11
Grand Traverse,17,3,2020-04-11
Gratiot,7,,2020-04-11
Hillsdale,75,6,2020-04-11
Houghton,1,,2020-04-11
Huron,5,,2020-04-11
Ingham,241,3,2020-04-11
Ionia,14,2,2020-04-11
Iosco,5,1,2020-04-11
Isabella,38,3,2020-04-11
Jackson,152,4,2020-04-11
Kalamazoo,79,7,2020-04-11
Kalkaska,13,2,2020-04-11
Kent,270,13,2020-04-11
Lake,1,,2020-04-11
Lapeer,95,6,2020-04-11
Leelanau,4,,2020-04-11
Lenawee,43,,2020-04-11
Livingston,206,3,2020-04-11
Luce,1,,2020-04-11
Mackinac,4,,2020-04-11
Macomb,3164,209,2020-04-11
Manistee,9,,2020-04-11
Marquette,21,2,2020-04-11
Mason,2,,2020-04-11
Mecosta,11,1,2020-04-11
Menominee,1,,2020-04-11
Midland,30,1,2020-04-11
Missaukee,1,1,2020-04-11
Monroe,183,5,2020-04-11
Montcalm,21,1,2020-04-11
Muskegon,57,4,2020-04-11
Newaygo,6,,2020-04-11
Oakland,4802,316,2020-04-11
Oceana,3,1,2020-04-11
Ogemaw,4,,2020-04-11
Osceola,4,,2020-04-11
Oscoda,4,,2020-04-11
Otsego,31,2,2020-04-11
Ottawa,64,2,2020-04-11
Presque Isle,2,,2020-04-11
Roscommon,8,,2020-04-11
Saginaw,254,9,2020-04-11
Sanilac,23,2,2020-04-11
Schoolcraft,2,,2020-04-11
Shiawassee,37,,2020-04-11
St Clair,190,4,2020-04-11
St Joseph,20,,2020-04-11
Tuscola,40,6,2020-04-11
Van Buren,21,1,2020-04-11
Washtenaw,685,18,2020-04-11
Wayne,4565,304,2020-04-11
Wexford,7,1,2020-04-11
MDOC*,364,8,2020-04-11
FCI**,24,,2020-04-11
Unknown,86,7,2020-04-11
Out of State,140,1,2020-04-11
Allegan,21,,2020-04-12
Alpena,1,,2020-04-12
Antrim,8,,2020-04-12
Arenac,5,,2020-04-12
Barry,8,,2020-04-12
Bay,54,2,2020-04-12
Berrien,104,4,2020-04-12
Branch,27,2,2020-04-12
Calhoun,74,1,2020-04-12
Cass,11,1,2020-04-12
Charlevoix,11,,2020-04-12
Cheboygan,10,1,2020-04-12
Clare,4,1,2020-04-12
Clinton,91,3,2020-04-12
Crawford,12,1,2020-04-12
Delta,9,1,2020-04-12
Detroit City,6502,368,2020-04-12
Dickinson,3,2,2020-04-12
Eaton,74,4,2020-04-12
Emmet,21,2,2020-04-12
Genesee,955,68,2020-04-12
Gladwin,4,,2020-04-12
Gogebic,4,1,2020-04-12
Grand Traverse,17,3,2020-04-12
Gratiot,7,,2020-04-12
Hillsdale,75,6,2020-04-12
Houghton,1,,2020-04-12
Huron,6,,2020-04-12
Ingham,250,3,2020-04-12
Ionia,14,2,2020-04-12
Iosco,4,1,2020-04-12
Isabella,39,3,2020-04-12
Jackson,171,4,2020-04-12
Kalamazoo,84,7,2020-04-12
Kalkaska,13,2,2020-04-12
Kent,287,13,2020-04-12
Lake,1,,2020-04-12
Lapeer,101,6,2020-04-12
Leelanau,4,,2020-04-12
Lenawee,47,,2020-04-12
Livingston,209,4,2020-04-12
Luce,1,,2020-04-12
Mackinac,4,,2020-04-12
Macomb,3254,217,2020-04-12
Manistee,10,,2020-04-12
Marquette,22,4,2020-04-12
Mason,2,,2020-04-12
Mecosta,11,1,2020-04-12
Menominee,1,,2020-04-12
Midland,31,1,2020-04-12
Missaukee,1,1,2020-04-12
Monroe,183,6,2020-04-12
Montcalm,22,1,2020-04-12
Muskegon,59,4,2020-04-12
Newaygo,6,,2020-04-12
Oakland,4915,329,2020-04-12
Oceana,3,1,2020-04-12
Ogemaw,4,,2020-04-12
Osceola,4,,2020-04-12
Oscoda,4,,2020-04-12
Otsego,33,2,2020-04-12
Ottawa,66,2,2020-04-12
Presque Isle,2,,2020-04-12
Roscommon,9,,2020-04-12
Saginaw,274,9,2020-04-12
Sanilac,23,2,2020-04-12
Schoolcraft,2,,2020-04-12
Shiawassee,54,1,2020-04-12
St Clair,199,6,2020-04-12
St Joseph,21,,2020-04-12
Tuscola,45,7,2020-04-12
Van Buren,21,1,2020-04-12
Washtenaw,716,18,2020-04-12
Wayne,4662,336,2020-04-12
Wexford,7,1,2020-04-12
MDOC*,370,8,2020-04-12
FCI**,24,,2020-04-12
Unknown,86,12,2020-04-12
Out of State,144,1,2020-04-12
Allegan,23,,2020-04-13
Antrim,8,,2020-04-13
Arenac,5,,2020-04-13
Barry,11,,2020-04-13
Bay,59,2,2020-04-13
Berrien,105,4,2020-04-13
Branch,29,2,2020-04-13
Calhoun,83,2,2020-04-13
Cass,11,1,2020-04-13
Charlevoix,11,1,2020-04-13
Cheboygan,12,1,2020-04-13
Clare,4,1,2020-04-13
Clinton,93,4,2020-04-13
Crawford,12,1,2020-04-13
Delta,9,1,2020-04-13
Detroit City,6781,395,2020-04-13
Dickinson,3,2,2020-04-13
Eaton,74,5,2020-04-13
Emmet,21,2,2020-04-13
Genesee,988,77,2020-04-13
Gladwin,4,,2020-04-13
Gogebic,4,1,2020-04-13
Grand Traverse,17,3,2020-04-13
Gratiot,7,,2020-04-13
Hillsdale,77,7,2020-04-13
Houghton,1,,2020-04-13
Huron,6,,2020-04-13
Ingham,254,4,2020-04-13
Ionia,15,2,2020-04-13
Iosco,4,1,2020-04-13
Isabella,41,4,2020-04-13
Jackson,172,6,2020-04-13
Kalamazoo,91,7,2020-04-13
Kalkaska,14,2,2020-04-13
Kent,311,13,2020-04-13
Lake,2,,2020-04-13
Lapeer,106,6,2020-04-13
Leelanau,4,,2020-04-13
Lenawee,50,,2020-04-13
Livingston,225,5,2020-04-13
Luce,1,,2020-04-13
Mackinac,4,,2020-04-13
Macomb,3418,240,2020-04-13
Manistee,10,,2020-04-13
Marquette,24,4,2020-04-13
Mason,2,,2020-04-13
Mecosta,11,1,2020-04-13
Menominee,1,,2020-04-13
Midland,33,1,2020-04-13
Missaukee,1,1,2020-04-13
Monroe,190,7,2020-04-13
Montcalm,22,1,2020-04-13
Montmorency,1,,2020-04-13
Muskegon,68,4,2020-04-13
Newaygo,6,,2020-04-13
Oakland,5073,347,2020-04-13
Oceana,3,1,2020-04-13
Ogemaw,4,,2020-04-13
Osceola,5,,2020-04-13
Oscoda,4,,2020-04-13
Otsego,34,2,2020-04-13
Ottawa,69,2,2020-04-13
Presque Isle,2,,2020-04-13
Roscommon,9,,2020-04-13
Saginaw,293,13,2020-04-13
Sanilac,23,2,2020-04-13
Schoolcraft,3,,2020-04-13
Shiawassee,53,1,2020-04-13
St Clair,206,7,2020-04-13
St Joseph,21,1,2020-04-13
Tuscola,45,7,2020-04-13
Van Buren,22,1,2020-04-13
Washtenaw,736,18,2020-04-13
Wayne,4867,365,2020-04-13
Wexford,7,1,2020-04-13
MDOC*,370,8,2020-04-13
FCI**,21,,2020-04-13
Unknown,78,4,2020-04-13
Out of State,148,1,2020-04-13
Allegan,23,,2020-04-14
Alpena,1,,2020-04-14
Antrim,8,,2020-04-14
Arenac,5,,2020-04-14
Barry,14,1,2020-04-14
Bay,60,2,2020-04-14
Berrien,111,5,2020-04-14
Branch,29,2,2020-04-14
Calhoun,90,3,2020-04-14
Cass,13,1,2020-04-14
Charlevoix,11,1,2020-04-14
Cheboygan,12,1,2020-04-14
Clare,4,1,2020-04-14
Clinton,98,4,2020-04-14
Crawford,15,1,2020-04-14
Delta,9,1,2020-04-14
Detroit City,7004,427,2020-04-14
Dickinson,3,2,2020-04-14
Eaton,76,5,2020-04-14
Emmet,21,2,2020-04-14
Genesee,1030,86,2020-04-14
Gladwin,5,,2020-04-14
Gogebic,4,1,2020-04-14
Grand Traverse,17,3,2020-04-14
Gratiot,7,,2020-04-14
Hillsdale,79,9,2020-04-14
Houghton,2,,2020-04-14
Huron,6,,2020-04-14
Ingham,263,4,2020-04-14
Ionia,17,2,2020-04-14
Iosco,4,1,2020-04-14
Isabella,42,4,2020-04-14
Jackson,183,7,2020-04-14
Kalamazoo,94,8,2020-04-14
Kalkaska,14,2,2020-04-14
Kent,325,14,2020-04-14
Lake,2,,2020-04-14
Lapeer,117,9,2020-04-14
Leelanau,4,,2020-04-14
Lenawee,53,,2020-04-14
Livingston,238,6,2020-04-14
Luce,1,,2020-04-14
Mackinac,4,,2020-04-14
Macomb,3620,293,2020-04-14
Manistee,10,,2020-04-14
Marquette,26,5,2020-04-14
Mason,3,,2020-04-14
Mecosta,11,1,2020-04-14
Menominee,1,,2020-04-14
Midland,33,1,2020-04-14
Missaukee,1,1,2020-04-14
Monroe,196,8,2020-04-14
Montcalm,23,1,2020-04-14
Montmorency,1,,2020-04-14
Muskegon,85,5,2020-04-14
Newaygo,7,,2020-04-14
Oakland,5364,364,2020-04-14
Oceana,3,1,2020-04-14
Ogemaw,4,,2020-04-14
Osceola,5,,2020-04-14
Oscoda,4,,2020-04-14
Otsego,34,2,2020-04-14
Ottawa,67,2,2020-04-14
Presque Isle,2,,2020-04-14
Roscommon,9,,2020-04-14
Saginaw,302,17,2020-04-14
Sanilac,23,2,2020-04-14
Schoolcraft,3,,2020-04-14
Shiawassee,62,1,2020-04-14
St Clair,211,7,2020-04-14
St Joseph,22,1,2020-04-14
Tuscola,45,9,2020-04-14
Van Buren,22,2,2020-04-14
Washtenaw,772,21,2020-04-14
Wayne,5205,393,2020-04-14
Wexford,7,1,2020-04-14
MDOC,429,9,2020-04-14
FCI,23,,2020-04-14
Unknown,91,4,2020-04-14
Out of State,157,2,2020-04-14
Alcona,1,,2020-04-15
Allegan,25,,2020-04-15
Alpena,1,,2020-04-15
Antrim,9,,2020-04-15
Arenac,7,,2020-04-15
Barry,18,1,2020-04-15
Bay,64,2,2020-04-15
Berrien,123,7,2020-04-15
Branch,30,2,2020-04-15
Calhoun,104,3,2020-04-15
Cass,17,1,2020-04-15
Charlevoix,11,1,2020-04-15
Cheboygan,12,1,2020-04-15
Clare,5,1,2020-04-15
Clinton,100,5,2020-04-15
Crawford,16,1,2020-04-15
Delta,9,1,2020-04-15
Detroit City,7136,475,2020-04-15
Dickinson,3,2,2020-04-15
Eaton,77,5,2020-04-15
Emmet,21,2,2020-04-15
Genesee,1084,89,2020-04-15
Gladwin,6,,2020-04-15
Gogebic,4,1,2020-04-15
Grand Traverse,17,3,2020-04-15
Gratiot,7,,2020-04-15
Hillsdale,81,9,2020-04-15
Houghton,2,,2020-04-15
Huron,7,,2020-04-15
Ingham,270,5,2020-04-15
Ionia,18,2,2020-04-15
Iosco,4,1,2020-04-15
Isabella,43,4,2020-04-15
Jackson,195,8,2020-04-15
Kalamazoo,103,8,2020-04-15
Kalkaska,16,2,2020-04-15
Kent,354,16,2020-04-15
Lake,2,,2020-04-15
Lapeer,125,10,2020-04-15
Leelanau,5,,2020-04-15
Lenawee,56,,2020-04-15
Livingston,254,7,2020-04-15
Luce,1,,2020-04-15
Mackinac,4,,2020-04-15
Macomb,3792,330,2020-04-15
Manistee,10,,2020-04-15
Marquette,27,5,2020-04-15
Mason,3,,2020-04-15
Mecosta,11,1,2020-04-15
Menominee,1,,2020-04-15
Midland,36,1,2020-04-15
Missaukee,2,1,2020-04-15
Monroe,211,9,2020-04-15
Montcalm,23,1,2020-04-15
Montmorency,1,,2020-04-15
Muskegon,93,5,2020-04-15
Newaygo,7,,2020-04-15
Oakland,5576,392,2020-04-15
Oceana,3,1,2020-04-15
Ogemaw,4,,2020-04-15
Osceola,5,,2020-04-15
Oscoda,4,,2020-04-15
Otsego,35,2,2020-04-15
Ottawa,74,2,2020-04-15
Presque Isle,2,,2020-04-15
Roscommon,9,,2020-04-15
Saginaw,313,19,2020-04-15
Sanilac,25,2,2020-04-15
Schoolcraft,3,,2020-04-15
Shiawassee,63,2,2020-04-15
St Clair,221,8,2020-04-15
St Joseph,22,1,2020-04-15
Tuscola,47,9,2020-04-15
Van Buren,26,2,2020-04-15
Washtenaw,798,24,2020-04-15
Wayne,5408,409,2020-04-15
Wexford,7,1,2020-04-15
MDOC*,472,12,2020-04-15
FCI**,36,,2020-04-15
Unknown,76,5,2020-04-15
Out of State,166,2,2020-04-15
Alcona,1,,2020-04-17
Allegan,29,,2020-04-17
Alpena,2,1,2020-04-17
Antrim,8,,2020-04-17
Arenac,7,,2020-04-17
Barry,21,1,2020-04-17
Bay,69,2,2020-04-17
Berrien,144,8,2020-04-17
Branch,35,2,2020-04-17
Calhoun,130,5,2020-04-17
Cass,22,1,2020-04-17
Charlevoix,11,1,2020-04-17
Cheboygan,12,1,2020-04-17
Clare,7,1,2020-04-17
Clinton,103,6,2020-04-17
Crawford,22,2,2020-04-17
Delta,10,1,2020-04-17
Detroit City,7414,582,2020-04-17
Dickinson,3,2,2020-04-17
Eaton,87,5,2020-04-17
Emmet,21,2,2020-04-17
Genesee,1197,106,2020-04-17
Gladwin,8,,2020-04-17
Gogebic,4,1,2020-04-17
Grand Traverse,17,4,2020-04-17
Gratiot,7,,2020-04-17
Hillsdale,85,10,2020-04-17
Houghton,2,,2020-04-17
Huron,8,,2020-04-17
Ingham,298,6,2020-04-17
Ionia,20,2,2020-04-17
Iosco,8,1,2020-04-17
Isabella,46,6,2020-04-17
Jackson,227,9,2020-04-17
Kalamazoo,130,9,2020-04-17
Kalkaska,17,2,2020-04-17
Kent,430,20,2020-04-17
Lake,2,,2020-04-17
Lapeer,140,13,2020-04-17
Leelanau,7,,2020-04-17
Lenawee,59,,2020-04-17
Livingston,269,9,2020-04-17
Luce,1,,2020-04-17
Mackinac,5,,2020-04-17
Macomb,4145,373,2020-04-17
Manistee,11,,2020-04-17
Marquette,29,5,2020-04-17
Mason,4,,2020-04-17
Mecosta,12,1,2020-04-17
Menominee,1,,2020-04-17
Midland,42,1,2020-04-17
Missaukee,3,1,2020-04-17
Monroe,223,10,2020-04-17
Montcalm,24,1,2020-04-17
Montmorency,3,,2020-04-17
Muskegon,128,5,2020-04-17
Newaygo,7,,2020-04-17
Oakland,5901,442,2020-04-17
Oceana,4,1,2020-04-17
Ogemaw,5,,2020-04-17
Osceola,6,,2020-04-17
Oscoda,4,,2020-04-17
Otsego,45,3,2020-04-17
Ottawa,88,5,2020-04-17
Presque Isle,2,,2020-04-17
Roscommon,9,,2020-04-17
Saginaw,369,24,2020-04-17
Sanilac,27,3,2020-04-17
Schoolcraft,3,,2020-04-17
Shiawassee,86,2,2020-04-17
St Clair,236,8,2020-04-17
St Joseph,23,1,2020-04-17
Tuscola,54,10,2020-04-17
Van Buren,28,2,2020-04-17
Washtenaw,855,25,2020-04-17
Wayne,5819,462,2020-04-17
Wexford,7,1,2020-04-17
MDOC*,514,15,2020-04-17
FCI**,44,,2020-04-17
Unknown,46,4,2020-04-17
Out of State,71,1,2020-04-17
Alcona,1,,2020-04-18
Allegan,33,,2020-04-18
Alpena,2,1,2020-04-18
Antrim,8,,2020-04-18
Arenac,9,,2020-04-18
Barry,21,1,2020-04-18
Bay,79,2,2020-04-18
Benzie,2,,2020-04-18
Berrien,153,8,2020-04-18
Branch,35,2,2020-04-18
Calhoun,136,5,2020-04-18
Cass,22,1,2020-04-18
Charlevoix,12,1,2020-04-18
Cheboygan,14,1,2020-04-18
Chippewa,1,,2020-04-18
Clare,8,1,2020-04-18
Clinton,103,6,2020-04-18
Crawford,26,2,2020-04-18
Delta,12,1,2020-04-18
Detroit City,7497,589,2020-04-18
Dickinson,3,2,2020-04-18
Eaton,88,5,2020-04-18
Emmet,21,2,2020-04-18
Genesee,1228,112,2020-04-18
Gladwin,9,,2020-04-18
Gogebic,4,1,2020-04-18
Grand Traverse,18,4,2020-04-18
Gratiot,7,,2020-04-18
Hillsdale,89,11,2020-04-18
Houghton,2,,2020-04-18
Huron,10,,2020-04-18
Ingham,304,6,2020-04-18
Ionia,22,2,2020-04-18
Iosco,11,1,2020-04-18
Isabella,51,7,2020-04-18
Jackson,232,9,2020-04-18
Kalamazoo,154,9,2020-04-18
Kalkaska,17,2,2020-04-18
Kent,460,23,2020-04-18
Lake,2,,2020-04-18
Lapeer,141,18,2020-04-18
Leelanau,7,,2020-04-18
Lenawee,62,,2020-04-18
Livingston,276,10,2020-04-18
Luce,1,,2020-04-18
Mackinac,4,,2020-04-18
Macomb,4251,384,2020-04-18
Manistee,11,,2020-04-18
Marquette,29,6,2020-04-18
Mason,4,,2020-04-18
Mecosta,12,1,2020-04-18
Menominee,1,,2020-04-18
Midland,43,2,2020-04-18
Missaukee,3,1,2020-04-18
Monroe,224,10,2020-04-18
Montcalm,24,1,2020-04-18
Montmorency,4,,2020-04-18
Muskegon,136,5,2020-04-18
Newaygo,7,,2020-04-18
Oakland,6021,458,2020-04-18
Oceana,3,1,2020-04-18
Ogemaw,5,,2020-04-18
Osceola,6,,2020-04-18
Oscoda,4,,2020-04-18
Otsego,54,5,2020-04-18
Ottawa,98,5,2020-04-18
Presque Isle,2,,2020-04-18
Roscommon,9,,2020-04-18
Saginaw,394,24,2020-04-18
Sanilac,32,3,2020-04-18
Schoolcraft,3,,2020-04-18
Shiawassee,91,2,2020-04-18
St Clair,241,7,2020-04-18
St Joseph,24,1,2020-04-18
Tuscola,59,11,2020-04-18
Van Buren,31,2,2020-04-18
Washtenaw,870,29,2020-04-18
Wayne,5974,481,2020-04-18
Wexford,7,1,2020-04-18
MDOC*,550,17,2020-04-18
FCI**,45,,2020-04-18
Unknown,48,5,2020-04-18
Out of State,74,1,2020-04-18
Alcona,4,,2020-04-20
Allegan,42,,2020-04-20
Alpena,15,1,2020-04-20
Antrim,9,,2020-04-20
Arenac,12,1,2020-04-20
Barry,26,1,2020-04-20
Bay,85,2,2020-04-20
Benzie,4,,2020-04-20
Berrien,164,8,2020-04-20
Branch,40,2,2020-04-20
Calhoun,148,5,2020-04-20
Cass,22,1,2020-04-20
Charlevoix,12,1,2020-04-20
Cheboygan,14,1,2020-04-20
Chippewa,2,,2020-04-20
Clare,9,1,2020-04-20
Clinton,104,7,2020-04-20
Crawford,29,2,2020-04-20
Delta,13,1,2020-04-20
Detroit City,7736,641,2020-04-20
Dickinson,3,2,2020-04-20
Eaton,90,5,2020-04-20
Emmet,21,2,2020-04-20
Genesee,1256,123,2020-04-20
Gladwin,9,1,2020-04-20
Gogebic,4,1,2020-04-20
Grand Traverse,19,4,2020-04-20
Gratiot,8,1,2020-04-20
Hillsdale,90,11,2020-04-20
Houghton,2,,2020-04-20
Huron,10,1,2020-04-20
Ingham,314,6,2020-04-20
Ionia,23,2,2020-04-20
Iosco,13,2,2020-04-20
Isabella,52,7,2020-04-20
Jackson,260,10,2020-04-20
Kalamazoo,185,9,2020-04-20
Kalkaska,17,2,2020-04-20
Kent,550,24,2020-04-20
Lake,2,,2020-04-20
Lapeer,145,20,2020-04-20
Leelanau,7,,2020-04-20
Lenawee,65,,2020-04-20
Livingston,288,11,2020-04-20
Luce,1,,2020-04-20
Mackinac,4,,2020-04-20
Macomb,4425,403,2020-04-20
Manistee,11,,2020-04-20
Marquette,32,6,2020-04-20
Mason,4,,2020-04-20
Mecosta,13,1,2020-04-20
Menominee,1,,2020-04-20
Midland,47,3,2020-04-20
Missaukee,5,1,2020-04-20
Monroe,236,10,2020-04-20
Montcalm,26,1,2020-04-20
Montmorency,4,,2020-04-20
Muskegon,149,7,2020-04-20
Newaygo,7,,2020-04-20
Oakland,6178,479,2020-04-20
Oceana,3,1,2020-04-20
Ogemaw,6,,2020-04-20
Osceola,7,,2020-04-20
Oscoda,4,1,2020-04-20
Otsego,72,5,2020-04-20
Ottawa,119,7,2020-04-20
Presque Isle,2,,2020-04-20
Roscommon,11,,2020-04-20
Saginaw,419,29,2020-04-20
Sanilac,32,3,2020-04-20
Schoolcraft,3,,2020-04-20
Shiawassee,109,2,2020-04-20
St Clair,252,11,2020-04-20
St Joseph,25,1,2020-04-20
Tuscola,63,12,2020-04-20
Van Buren,33,2,2020-04-20
Washtenaw,878,31,2020-04-20
Wayne,6176,507,2020-04-20
Wexford,7,1,2020-04-20
MDOC*,561,19,2020-04-20
FCI**,55,,2020-04-20
Unknown,28,4,2020-04-20
Out of State,69,2,2020-04-20
Alcona,3,,2020-04-21
Allegan,47,,2020-04-21
Alpena,35,1,2020-04-21
Antrim,9,,2020-04-21
Arenac,13,1,2020-04-21
Barry,26,1,2020-04-21
Bay,86,2,2020-04-21
Benzie,4,,2020-04-21
Berrien,170,10,2020-04-21
Branch,43,2,2020-04-21
Calhoun,156,5,2020-04-21
Cass,22,1,2020-04-21
Charlevoix,12,1,2020-04-21
Cheboygan,14,1,2020-04-21
Chippewa,1,,2020-04-21
Clare,9,1,2020-04-21
Clinton,105,7,2020-04-21
Crawford,30,2,2020-04-21
Delta,12,2,2020-04-21
Detroit City,7904,728,2020-04-21
Dickinson,3,2,2020-04-21
Eaton,99,5,2020-04-21
Emmet,21,2,2020-04-21
Genesee,1298,131,2020-04-21
Gladwin,9,1,2020-04-21
Gogebic,4,1,2020-04-21
Grand Traverse,19,5,2020-04-21
Gratiot,8,1,2020-04-21
Hillsdale,94,11,2020-04-21
Houghton,2,,2020-04-21
Huron,9,,2020-04-21
Ingham,335,6,2020-04-21
Ionia,26,2,2020-04-21
Iosco,15,2,2020-04-21
Isabella,53,7,2020-04-21
Jackson,280,12,2020-04-21
Kalamazoo,201,10,2020-04-21
Kalkaska,17,2,2020-04-21
Kent,626,25,2020-04-21
Lake,2,,2020-04-21
Lapeer,148,22,2020-04-21
Leelanau,7,,2020-04-21
Lenawee,71,,2020-04-21
Livingston,301,11,2020-04-21
Luce,1,,2020-04-21
Mackinac,4,,2020-04-21
Macomb,4544,445,2020-04-21
Manistee,11,,2020-04-21
Marquette,35,6,2020-04-21
Mason,4,,2020-04-21
Mecosta,14,1,2020-04-21
Menominee,1,,2020-04-21
Midland,48,3,2020-04-21
Missaukee,6,1,2020-04-21
Monroe,241,10,2020-04-21
Montcalm,26,1,2020-04-21
Montmorency,4,,2020-04-21
Muskegon,160,10,2020-04-21
Newaygo,10,,2020-04-21
Oakland,6306,506,2020-04-21
Oceana,4,1,2020-04-21
Ogemaw,6,,2020-04-21
Osceola,8,,2020-04-21
Oscoda,4,,2020-04-21
Otsego,77,6,2020-04-21
Ottawa,129,7,2020-04-21
Presque Isle,6,,2020-04-21
Roscommon,11,,2020-04-21
Saginaw,433,32,2020-04-21
Sanilac,32,3,2020-04-21
Schoolcraft,3,,2020-04-21
Shiawassee,121,3,2020-04-21
St Clair,259,15,2020-04-21
St Joseph,25,1,2020-04-21
Tuscola,63,11,2020-04-21
Van Buren,34,2,2020-04-21
Washtenaw,900,38,2020-04-21
Wayne,6351,550,2020-04-21
Wexford,7,1,2020-04-21
MDOC*,615,20,2020-04-21
FCI**,57,,2020-04-21
Unknown,26,2,2020-04-21
Out of State,32,2,2020-04-21
Alcona,4,,2020-04-22
Allegan,50,,2020-04-22
Alpena,38,1,2020-04-22
Antrim,9,,2020-04-22
Arenac,13,1,2020-04-22
Barry,28,1,2020-04-22
Bay,93,2,2020-04-22
Benzie,4,,2020-04-22
Berrien,177,11,2020-04-22
Branch,42,2,2020-04-22
Calhoun,168,5,2020-04-22
Cass,23,1,2020-04-22
Charlevoix,12,1,2020-04-22
Cheboygan,14,1,2020-04-22
Chippewa,1,,2020-04-22
Clare,10,1,2020-04-22
Clinton,106,7,2020-04-22
Crawford,32,2,2020-04-22
Delta,12,2,2020-04-22
Detroit City,8026,747,2020-04-22
Dickinson,3,2,2020-04-22
Eaton,104,5,2020-04-22
Emmet,22,2,2020-04-22
Genesee,1362,138,2020-04-22
Gladwin,10,1,2020-04-22
Gogebic,4,1,2020-04-22
Grand Traverse,19,5,2020-04-22
Gratiot,8,1,2020-04-22
Hillsdale,97,12,2020-04-22
Houghton,2,,2020-04-22
Huron,9,,2020-04-22
Ingham,350,7,2020-04-22
Ionia,27,2,2020-04-22
Iosco,15,2,2020-04-22
Isabella,54,7,2020-04-22
Jackson,289,12,2020-04-22
Kalamazoo,212,11,2020-04-22
Kalkaska,17,2,2020-04-22
Kent,757,25,2020-04-22
Lake,2,,2020-04-22
Lapeer,154,23,2020-04-22
Leelanau,8,,2020-04-22
Lenawee,77,,2020-04-22
Livingston,308,11,2020-04-22
Luce,1,,2020-04-22
Mackinac,5,,2020-04-22
Macomb,4628,473,2020-04-22
Manistee,11,,2020-04-22
Marquette,35,6,2020-04-22
Mason,5,,2020-04-22
Mecosta,13,1,2020-04-22
Menominee,1,,2020-04-22
Midland,47,3,2020-04-22
Missaukee,12,1,2020-04-22
Monroe,247,10,2020-04-22
Montcalm,26,1,2020-04-22
Montmorency,6,,2020-04-22
Muskegon,173,11,2020-04-22
Newaygo,12,,2020-04-22
Oakland,6463,529,2020-04-22
Oceana,4,1,2020-04-22
Ogemaw,6,,2020-04-22
Osceola,8,,2020-04-22
Oscoda,4,,2020-04-22
Otsego,78,6,2020-04-22
Ottawa,149,7,2020-04-22
Presque Isle,6,,2020-04-22
Roscommon,11,,2020-04-22
Saginaw,474,35,2020-04-22
Sanilac,32,3,2020-04-22
Schoolcraft,3,,2020-04-22
Shiawassee,123,3,2020-04-22
St Clair,271,16,2020-04-22
St Joseph,27,1,2020-04-22
Tuscola,71,11,2020-04-22
Van Buren,36,2,2020-04-22
Washtenaw,912,40,2020-04-22
Wayne,6535,572,2020-04-22
Wexford,7,1,2020-04-22
MDOC*,655,25,2020-04-22
FCI**,57,,2020-04-22
Unknown,3,,2020-04-22
Out of State,37,1,2020-04-22
Alcona,4,,2020-04-23
Allegan,56,,2020-04-23
Alpena,47,1,2020-04-23
Antrim,9,,2020-04-23
Arenac,15,1,2020-04-23
Barry,28,1,2020-04-23
Bay,102,2,2020-04-23
Benzie,4,,2020-04-23
Berrien,189,11,2020-04-23
Branch,44,2,2020-04-23
Calhoun,177,6,2020-04-23
Cass,23,2,2020-04-23
Charlevoix,13,1,2020-04-23
Cheboygan,14,1,2020-04-23
Chippewa,1,,2020-04-23
Clare,10,1,2020-04-23
Clinton,105,8,2020-04-23
Crawford,43,2,2020-04-23
Delta,12,2,2020-04-23
Detroit City,8317,799,2020-04-23
Dickinson,3,2,2020-04-23
Eaton,111,5,2020-04-23
Emmet,21,2,2020-04-23
Genesee,1387,144,2020-04-23
Gladwin,10,1,2020-04-23
Gogebic,4,1,2020-04-23
Grand Traverse,19,5,2020-04-23
Gratiot,8,1,2020-04-23
Hillsdale,98,12,2020-04-23
Houghton,2,,2020-04-23
Huron,10,,2020-04-23
Ingham,370,9,2020-04-23
Ionia,32,2,2020-04-23
Iosco,21,3,2020-04-23
Isabella,54,7,2020-04-23
Jackson,298,14,2020-04-23
Kalamazoo,229,11,2020-04-23
Kalkaska,17,2,2020-04-23
Kent,815,27,2020-04-23
Lake,2,,2020-04-23
Lapeer,159,23,2020-04-23
Leelanau,8,,2020-04-23
Lenawee,80,,2020-04-23
Livingston,312,11,2020-04-23
Luce,1,,2020-04-23
Mackinac,5,,2020-04-23
Macomb,4862,493,2020-04-23
Manistee,12,,2020-04-23
Marquette,35,6,2020-04-23
Mason,5,,2020-04-23
Mecosta,13,1,2020-04-23
Menominee,2,,2020-04-23
Midland,51,3,2020-04-23
Missaukee,12,1,2020-04-23
Monroe,255,10,2020-04-23
Montcalm,28,1,2020-04-23
Montmorency,5,,2020-04-23
Muskegon,186,12,2020-04-23
Newaygo,12,,2020-04-23
Oakland,6634,567,2020-04-23
Oceana,4,1,2020-04-23
Ogemaw,8,,2020-04-23
Osceola,8,,2020-04-23
Oscoda,4,,2020-04-23
Otsego,83,6,2020-04-23
Ottawa,161,7,2020-04-23
Presque Isle,8,,2020-04-23
Roscommon,11,,2020-04-23
Saginaw,507,38,2020-04-23
Sanilac,34,4,2020-04-23
Schoolcraft,3,,2020-04-23
Shiawassee,125,6,2020-04-23
St Clair,284,16,2020-04-23
St Joseph,27,1,2020-04-23
Tuscola,76,12,2020-04-23
Van Buren,35,2,2020-04-23
Washtenaw,960,42,2020-04-23
Wayne,6677,597,2020-04-23
Wexford,7,1,2020-04-23
MDOC*,759,28,2020-04-23
FCI**,66,,2020-04-23
Unknown,4,,2020-04-23
Out of State,39,,2020-04-23
Alcona,4,,2020-04-25
Allegan,65,1,2020-04-25
Alpena,60,2,2020-04-25
Antrim,10,1,2020-04-25
Arenac,16,1,2020-04-25
Barry,28,1,2020-04-25
Bay,114,2,2020-04-25
Benzie,4,,2020-04-25
Berrien,213,12,2020-04-25
Branch,47,2,2020-04-25
Calhoun,191,10,2020-04-25
Cass,26,2,2020-04-25
Charlevoix,13,1,2020-04-25
Cheboygan,17,1,2020-04-25
Chippewa,2,,2020-04-25
Clare,10,1,2020-04-25
Clinton,106,9,2020-04-25
Crawford,45,3,2020-04-25
Delta,12,2,2020-04-25
Detroit City,8548,912,2020-04-25
Dickinson,3,2,2020-04-25
Eaton,114,5,2020-04-25
Emmet,21,2,2020-04-25
Genesee,1452,157,2020-04-25
Gladwin,10,1,2020-04-25
Gogebic,4,1,2020-04-25
Grand Traverse,19,5,2020-04-25
Gratiot,8,1,2020-04-25
Hillsdale,109,14,2020-04-25
Houghton,2,,2020-04-25
Huron,11,,2020-04-25
Ingham,395,9,2020-04-25
Ionia,41,2,2020-04-25
Iosco,29,4,2020-04-25
Isabella,55,7,2020-04-25
Jackson,323,16,2020-04-25
Kalamazoo,280,11,2020-04-25
Kalkaska,17,2,2020-04-25
Kent,929,32,2020-04-25
Lake,2,,2020-04-25
Lapeer,162,23,2020-04-25
Leelanau,9,,2020-04-25
Lenawee,82,,2020-04-25
Livingston,315,14,2020-04-25
Luce,1,,2020-04-25
Mackinac,5,,2020-04-25
Macomb,5139,517,2020-04-25
Manistee,12,,2020-04-25
Marquette,41,7,2020-04-25
Mason,5,,2020-04-25
Mecosta,14,1,2020-04-25
Menominee,3,,2020-04-25
Midland,51,3,2020-04-25
Missaukee,15,1,2020-04-25
Monroe,267,11,2020-04-25
Montcalm,29,1,2020-04-25
Montmorency,5,,2020-04-25
Muskegon,213,13,2020-04-25
Newaygo,14,,2020-04-25
Oakland,6881,612,2020-04-25
Oceana,4,1,2020-04-25
Ogemaw,8,,2020-04-25
Osceola,8,,2020-04-25
Oscoda,4,,2020-04-25
Otsego,84,7,2020-04-25
Ottawa,173,8,2020-04-25
Presque Isle,10,,2020-04-25
Roscommon,13,,2020-04-25
Saginaw,545,43,2020-04-25
Sanilac,34,4,2020-04-25
Schoolcraft,3,,2020-04-25
Shiawassee,129,7,2020-04-25
St Clair,297,18,2020-04-25
St Joseph,27,1,2020-04-25
Tuscola,81,13,2020-04-25
Van Buren,34,2,2020-04-25
Washtenaw,1002,50,2020-04-25
Wayne,7000,648,2020-04-25
Wexford,8,1,2020-04-25
MDOC*,1026,31,2020-04-25
FCI**,74,1,2020-04-25
Unknown,2,1,2020-04-25
Out of State,19,1,2020-04-25
Alcona,4,,2020-04-26
Allegan,69,1,2020-04-26
Alpena,60,2,2020-04-26
Antrim,9,,2020-04-26
Arenac,16,1,2020-04-26
Barry,29,1,2020-04-26
Bay,115,2,2020-04-26
Benzie,4,,2020-04-26
Berrien,215,14,2020-04-26
Branch,48,2,2020-04-26
Calhoun,202,10,2020-04-26
Cass,26,2,2020-04-26
Charlevoix,13,1,2020-04-26
Cheboygan,17,1,2020-04-26
Chippewa,2,,2020-04-26
Clare,10,1,2020-04-26
Clinton,109,9,2020-04-26
Crawford,46,3,2020-04-26
Delta,12,2,2020-04-26
Detroit City,8613,922,2020-04-26
Dickinson,3,2,2020-04-26
Eaton,115,5,2020-04-26
Emmet,21,2,2020-04-26
Genesee,1467,161,2020-04-26
Gladwin,11,1,2020-04-26
Gogebic,4,1,2020-04-26
Grand Traverse,19,5,2020-04-26
Gratiot,8,1,2020-04-26
Hillsdale,113,14,2020-04-26
Houghton,2,,2020-04-26
Huron,13,,2020-04-26
Ingham,406,9,2020-04-26
Ionia,43,2,2020-04-26
Iosco,33,4,2020-04-26
Isabella,55,7,2020-04-26
Jackson,327,16,2020-04-26
Kalamazoo,292,11,2020-04-26
Kalkaska,17,2,2020-04-26
Kent,1031,32,2020-04-26
Lake,2,,2020-04-26
Lapeer,165,24,2020-04-26
Leelanau,9,,2020-04-26
Lenawee,82,,2020-04-26
Livingston,315,14,2020-04-26
Luce,1,,2020-04-26
Mackinac,5,,2020-04-26
Macomb,5203,520,2020-04-26
Manistee,11,,2020-04-26
Marquette,42,7,2020-04-26
Mason,5,,2020-04-26
Mecosta,14,1,2020-04-26
Menominee,3,,2020-04-26
Midland,52,3,2020-04-26
Missaukee,15,1,2020-04-26
Monroe,273,12,2020-04-26
Montcalm,32,1,2020-04-26
Montmorency,5,,2020-04-26
Muskegon,228,13,2020-04-26
Newaygo,15,,2020-04-26
Oakland,6928,620,2020-04-26
Oceana,5,1,2020-04-26
Ogemaw,9,,2020-04-26
Osceola,8,,2020-04-26
Oscoda,4,,2020-04-26
Otsego,87,8,2020-04-26
Ottawa,180,9,2020-04-26
Presque Isle,10,,2020-04-26
Roscommon,13,,2020-04-26
Saginaw,558,43,2020-04-26
Sanilac,34,4,2020-04-26
Schoolcraft,3,,2020-04-26
Shiawassee,130,7,2020-04-26
St Clair,302,18,2020-04-26
St Joseph,28,1,2020-04-26
Tuscola,82,13,2020-04-26
Van Buren,35,2,2020-04-26
Washtenaw,1001,50,2020-04-26
Wayne,7135,658,2020-04-26
Wexford,8,1,2020-04-26
MDOC*,1031,32,2020-04-26
FCI**,81,1,2020-04-26
Unknown,3,1,2020-04-26
Out of State,27,1,2020-04-26
Alcona,4,,2020-04-27
Allegan,72,1,2020-04-27
Alpena,60,2,2020-04-27
Antrim,9,,2020-04-27
Arenac,15,1,2020-04-27
Barry,31,1,2020-04-27
Bay,122,3,2020-04-27
Benzie,4,,2020-04-27
Berrien,217,14,2020-04-27
Branch,50,2,2020-04-27
Calhoun,203,11,2020-04-27
Cass,27,2,2020-04-27
Charlevoix,13,1,2020-04-27
Cheboygan,17,1,2020-04-27
Chippewa,2,,2020-04-27
Clare,11,1,2020-04-27
Clinton,112,9,2020-04-27
Crawford,50,3,2020-04-27
Delta,13,2,2020-04-27
Detroit City,8679,950,2020-04-27
Dickinson,3,2,2020-04-27
Eaton,116,6,2020-04-27
Emmet,21,2,2020-04-27
Genesee,1483,165,2020-04-27
Gladwin,11,1,2020-04-27
Gogebic,4,1,2020-04-27
Grand Traverse,19,5,2020-04-27
Gratiot,10,1,2020-04-27
Hillsdale,114,16,2020-04-27
Houghton,2,,2020-04-27
Huron,13,,2020-04-27
Ingham,413,10,2020-04-27
Ionia,47,2,2020-04-27
Iosco,41,4,2020-04-27
Isabella,57,7,2020-04-27
Jackson,341,18,2020-04-27
Kalamazoo,300,12,2020-04-27
Kalkaska,17,2,2020-04-27
Kent,1100,34,2020-04-27
Lake,2,,2020-04-27
Lapeer,164,24,2020-04-27
Leelanau,9,,2020-04-27
Lenawee,84,1,2020-04-27
Livingston,319,14,2020-04-27
Luce,1,,2020-04-27
Mackinac,5,,2020-04-27
Macomb,5245,527,2020-04-27
Manistee,11,,2020-04-27
Marquette,42,7,2020-04-27
Mason,5,,2020-04-27
Mecosta,14,1,2020-04-27
Menominee,3,,2020-04-27
Midland,56,3,2020-04-27
Missaukee,15,1,2020-04-27
Monroe,275,12,2020-04-27
Montcalm,32,1,2020-04-27
Montmorency,5,,2020-04-27
Muskegon,234,13,2020-04-27
Newaygo,14,,2020-04-27
Oakland,6913,631,2020-04-27
Oceana,7,1,2020-04-27
Ogemaw,10,,2020-04-27
Osceola,8,,2020-04-27
Oscoda,4,,2020-04-27
Otsego,87,8,2020-04-27
Ottawa,191,9,2020-04-27
Presque Isle,11,,2020-04-27
Roscommon,13,,2020-04-27
Saginaw,586,47,2020-04-27
Sanilac,34,4,2020-04-27
Schoolcraft,3,,2020-04-27
Shiawassee,166,8,2020-04-27
St Clair,304,18,2020-04-27
St Joseph,29,1,2020-04-27
Tuscola,90,13,2020-04-27
Van Buren,36,2,2020-04-27
Washtenaw,1004,55,2020-04-27
Wayne,7193,672,2020-04-27
Wexford,9,2,2020-04-27
MDOC*,1048,37,2020-04-27
FCI**,81,1,2020-04-27
Unknown,5,1,2020-04-27
Out of State,20,1,2020-04-27
Alcona,4,,2020-04-28
Allegan,84,1,2020-04-28
Alpena,67,4,2020-04-28
Antrim,9,,2020-04-28
Arenac,18,1,2020-04-28
Barry,31,1,2020-04-28
Bay,135,4,2020-04-28
Benzie,4,,2020-04-28
Berrien,232,15,2020-04-28
Branch,53,2,2020-04-28
Calhoun,210,11,2020-04-28
Cass,27,2,2020-04-28
Charlevoix,13,1,2020-04-28
Cheboygan,17,1,2020-04-28
Chippewa,2,,2020-04-28
Clare,11,1,2020-04-28
Clinton,114,9,2020-04-28
Crawford,51,4,2020-04-28
Delta,13,2,2020-04-28
Detroit City,8811,988,2020-04-28
Dickinson,3,2,2020-04-28
Eaton,119,6,2020-04-28
Emmet,21,2,2020-04-28
Genesee,1533,174,2020-04-28
Gladwin,12,1,2020-04-28
Gogebic,4,1,2020-04-28
Grand Traverse,19,5,2020-04-28
Gratiot,10,1,2020-04-28
Hillsdale,118,16,2020-04-28
Houghton,2,,2020-04-28
Huron,13,,2020-04-28
Ingham,426,10,2020-04-28
Ionia,53,2,2020-04-28
Iosco,48,4,2020-04-28
Isabella,59,7,2020-04-28
Jackson,342,18,2020-04-28
Kalamazoo,327,12,2020-04-28
Kalkaska,17,2,2020-04-28
Kent,1305,33,2020-04-28
Lake,2,,2020-04-28
Lapeer,166,24,2020-04-28
Leelanau,9,,2020-04-28
Lenawee,88,1,2020-04-28
Livingston,326,18,2020-04-28
Luce,1,,2020-04-28
Mackinac,5,,2020-04-28
Macomb,5339,572,2020-04-28
Manistee,11,,2020-04-28
Marquette,43,8,2020-04-28
Mason,7,,2020-04-28
Mecosta,15,1,2020-04-28
Menominee,5,,2020-04-28
Midland,56,4,2020-04-28
Missaukee,15,1,2020-04-28
Monroe,277,12,2020-04-28
Montcalm,37,1,2020-04-28
Montmorency,5,,2020-04-28
Muskegon,242,15,2020-04-28
Newaygo,16,,2020-04-28
Oakland,7012,654,2020-04-28
Oceana,8,1,2020-04-28
Ogemaw,11,,2020-04-28
Osceola,8,,2020-04-28
Oscoda,4,,2020-04-28
Otsego,88,8,2020-04-28
Ottawa,210,9,2020-04-28
Presque Isle,11,,2020-04-28
Roscommon,14,,2020-04-28
Saginaw,609,52,2020-04-28
Sanilac,34,4,2020-04-28
Schoolcraft,3,,2020-04-28
Shiawassee,173,8,2020-04-28
St Clair,309,21,2020-04-28
St Joseph,30,1,2020-04-28
Tuscola,94,13,2020-04-28
Van Buren,43,2,2020-04-28
Washtenaw,1033,56,2020-04-28
Wayne,7362,694,2020-04-28
Wexford,9,2,2020-04-28
MDOC*,1074,38,2020-04-28
FCI**,82,1,2020-04-28
Unknown,11,2,2020-04-28
Out of State,28,1,2020-04-28
Alcona,4,,2020-04-29
Allegan,94,2,2020-04-29
Alpena,76,4,2020-04-29
Antrim,10,,2020-04-29
Arenac,18,1,2020-04-29
Barry,34,1,2020-04-29
Bay,142,4,2020-04-29
Benzie,6,,2020-04-29
Berrien,242,15,2020-04-29
Branch,56,2,2020-04-29
Calhoun,219,11,2020-04-29
Cass,29,2,2020-04-29
Charlevoix,13,1,2020-04-29
Cheboygan,17,1,2020-04-29
Chippewa,2,,2020-04-29
Clare,11,1,2020-04-29
Clinton,117,9,2020-04-29
Crawford,54,4,2020-04-29
Delta,13,2,2020-04-29
Detroit City,8957,1008,2020-04-29
Dickinson,3,2,2020-04-29
Eaton,124,6,2020-04-29
Emmet,21,2,2020-04-29
Genesee,1564,180,2020-04-29
Gladwin,16,1,2020-04-29
Gogebic,4,1,2020-04-29
Grand Traverse,19,5,2020-04-29
Gratiot,13,1,2020-04-29
Hillsdale,121,17,2020-04-29
Houghton,2,,2020-04-29
Huron,16,,2020-04-29
Ingham,446,10,2020-04-29
Ionia,60,2,2020-04-29
Iosco,47,4,2020-04-29
Isabella,60,7,2020-04-29
Jackson,351,19,2020-04-29
Kalamazoo,348,12,2020-04-29
Kalkaska,17,2,2020-04-29
Kent,1395,33,2020-04-29
Lake,2,,2020-04-29
Lapeer,167,25,2020-04-29
Leelanau,10,,2020-04-29
Lenawee,92,1,2020-04-29
Livingston,335,18,2020-04-29
Luce,1,,2020-04-29
Mackinac,6,,2020-04-29
Macomb,5430,597,2020-04-29
Manistee,11,,2020-04-29
Marquette,45,8,2020-04-29
Mason,8,,2020-04-29
Mecosta,14,1,2020-04-29
Menominee,5,,2020-04-29
Midland,59,5,2020-04-29
Missaukee,15,1,2020-04-29
Monroe,284,12,2020-04-29
Montcalm,38,1,2020-04-29
Montmorency,5,,2020-04-29
Muskegon,262,16,2020-04-29
Newaygo,22,,2020-04-29
Oakland,7159,668,2020-04-29
Oceana,9,1,2020-04-29
Ogemaw,12,,2020-04-29
Osceola,8,,2020-04-29
Oscoda,4,,2020-04-29
Otsego,90,8,2020-04-29
Ottawa,224,9,2020-04-29
Presque Isle,12,,2020-04-29
Roscommon,15,,2020-04-29
Saginaw,632,56,2020-04-29
Sanilac,34,4,2020-04-29
Schoolcraft,3,,2020-04-29
Shiawassee,173,8,2020-04-29
St Clair,313,21,2020-04-29
St Joseph,30,1,2020-04-29
Tuscola,98,13,2020-04-29
Van Buren,46,2,2020-04-29
Washtenaw,1049,59,2020-04-29
Wayne,7537,719,2020-04-29
Wexford,10,2,2020-04-29
MDOC*,1264,41,2020-04-29
FCI**,86,1,2020-04-29
Out of State,39,,2020-04-29
Alcona,4,1,2020-04-30
Allegan,98,2,2020-04-30
Alpena,82,5,2020-04-30
Antrim,10,,2020-04-30
Arenac,24,1,2020-04-30
Barry,35,1,2020-04-30
Bay,143,4,2020-04-30
Benzie,6,,2020-04-30
Berrien,248,15,2020-04-30
Branch,63,2,2020-04-30
Calhoun,228,13,2020-04-30
Cass,31,2,2020-04-30
Charlevoix,13,1,2020-04-30
Cheboygan,19,1,2020-04-30
Chippewa,2,,2020-04-30
Clare,11,1,2020-04-30
Clinton,118,9,2020-04-30
Crawford,54,4,2020-04-30
Delta,13,2,2020-04-30
Detroit City,9057,1035,2020-04-30
Dickinson,3,2,2020-04-30
Eaton,131,6,2020-04-30
Emmet,21,2,2020-04-30
Genesee,1581,188,2020-04-30
Gladwin,15,1,2020-04-30
Gogebic,4,1,2020-04-30
Grand Traverse,19,5,2020-04-30
Gratiot,13,1,2020-04-30
Hillsdale,125,17,2020-04-30
Houghton,2,,2020-04-30
Huron,17,,2020-04-30
Ingham,470,11,2020-04-30
Ionia,76,2,2020-04-30
Iosco,52,4,2020-04-30
Isabella,61,7,2020-04-30
Jackson,364,22,2020-04-30
Kalamazoo,364,13,2020-04-30
Kalkaska,17,2,2020-04-30
Kent,1479,33,2020-04-30
Lake,2,,2020-04-30
Lapeer,170,24,2020-04-30
Leelanau,9,,2020-04-30
Lenawee,93,2,2020-04-30
Livingston,337,19,2020-04-30
Luce,1,,2020-04-30
Mackinac,6,,2020-04-30
Macomb,5513,603,2020-04-30
Manistee,11,,2020-04-30
Marquette,46,8,2020-04-30
Mason,11,,2020-04-30
Mecosta,14,1,2020-04-30
Menominee,5,,2020-04-30
Midland,61,5,2020-04-30
Missaukee,15,1,2020-04-30
Monroe,287,12,2020-04-30
Montcalm,40,1,2020-04-30
Montmorency,5,,2020-04-30
Muskegon,276,17,2020-04-30
Newaygo,22,,2020-04-30
Oakland,7267,696,2020-04-30
Oceana,9,1,2020-04-30
Ogemaw,13,,2020-04-30
Osceola,8,,2020-04-30
Oscoda,5,,2020-04-30
Otsego,92,8,2020-04-30
Ottawa,236,9,2020-04-30
Presque Isle,11,,2020-04-30
Roscommon,16,,2020-04-30
Saginaw,663,59,2020-04-30
Sanilac,35,4,2020-04-30
Schoolcraft,3,,2020-04-30
Shiawassee,180,10,2020-04-30
St Clair,328,21,2020-04-30
St Joseph,32,1,2020-04-30
Tuscola,105,14,2020-04-30
Van Buren,49,2,2020-04-30
Washtenaw,1075,61,2020-04-30
Wayne,7672,747,2020-04-30
Wexford,9,2,2020-04-30
MDOC*,1453,42,2020-04-30
FCI**,88,2,2020-04-30
Unknown,1,,2020-04-30
Out of State,32,1,2020-04-30